n,naive,memo,iter
10,6.042e-06,1.5e-06,1.292e-06
20,0.00512417,2.167e-06,1.75e-06
25,0.163998,5.083e-06,2.917e-06
30,-1,3.791e-06,2.75e-06
100,-1,2.3666e-05,1.5209e-05
500,-1,0.00049975,0.000267708
1000,-1,0.00195663,0.00117388
2000,-1,0.00760954,0.00404633
3000,-1,0.0167299,0.00967271
